capture_file	name	last_modified(mirror-local)	size
iweb_20110523084228_Bitcoin.html	bitcoin-0.1.5/	13-Dec-2010 10:55	-
iweb_20110523084228_Bitcoin.html	bitcoin-0.2.0/	28-Apr-2011 14:40	-
iweb_20110523084228_Bitcoin.html	bitcoin-0.3.0/	07-Jul-2010 20:14	-
iweb_20110523084228_Bitcoin.html	bitcoin-0.3.1/	16-Jul-2010 16:11	-
iweb_20110523084228_Bitcoin.html	bitcoin-0.3.2/	17-Jul-2010 14:34	-
iweb_20110523084228_Bitcoin.html	bitcoin-0.3.3/	25-Jul-2010 11:43	-
iweb_20110523084228_Bitcoin.html	bitcoin-0.3.6/	30-Jul-2010 18:46	-
iweb_20110523084228_Bitcoin.html	bitcoin-0.3.7/	31-Jul-2010 14:40	-
iweb_20110523084228_Bitcoin.html	bitcoin-0.3.8/	09-Aug-2010 15:30	-
iweb_20110523084228_Bitcoin.html	bitcoin-0.3.10/	15-Aug-2010 21:50	-
iweb_20110523084228_Bitcoin.html	bitcoin-0.3.11/	29-Aug-2010 12:40	-
iweb_20110523084228_Bitcoin.html	bitcoin-0.3.12/	07-Sep-2010 13:59	-
iweb_20110523084228_Bitcoin.html	bitcoin-0.3.13/	30-Sep-2010 22:07	-
iweb_20110523084228_Bitcoin.html	bitcoin-0.3.14/	21-Oct-2010 11:52	-
iweb_20110523084228_Bitcoin.html	bitcoin-0.3.15/	13-Nov-2010 17:54	-
iweb_20110523084228_Bitcoin.html	bitcoin-0.3.17/	30-Nov-2010 16:35	-
iweb_20110523084228_Bitcoin.html	bitcoin-0.3.18/	11-Dec-2010 14:45	-
iweb_20110523084228_Bitcoin.html	bitcoin-0.3.19/	15-Dec-2010 05:23	-
iweb_20110523084228_Bitcoin.html	bitcoin-0.3.20/	05-Mar-2011 11:15	-
iweb_20110523084228_Bitcoin.html	bitcoin-0.3.21/	02-May-2011 14:23	-
iweb_20110523084228_Bitcoin.html	bitcoin-0.3.22/	19-May-2011 01:42	-
iweb_20110523084228_Bitcoin.html	blockchain/	28-Apr-2011 16:05	-
iweb_20110523084228_Bitcoin.html	testnet-in-a-box/	15-Mar-2011 09:39	-
iweb_20110523151152_Bitcoin_bitcoin-0.3.21.html	bitcoin-0.3.21-linux.tar.gz	27-Apr-2011 12:38	9.4M
iweb_20110523151152_Bitcoin_bitcoin-0.3.21.html	bitcoin-0.3.21-macosx.zip	02-May-2011 14:15	9.1M
iweb_20110523151152_Bitcoin_bitcoin-0.3.21.html	bitcoin-0.3.21-win32-setup.exe	27-Apr-2011 12:50	5.1M
iweb_20110523151152_Bitcoin_bitcoin-0.3.21.html	bitcoin-0.3.21-win32.zip	27-Apr-2011 13:09	4.9M
iweb_20110523151152_Bitcoin_bitcoin-0.3.21.html	README	02-May-2011 14:23	2.1K
iweb_20110523151153_Bitcoin_bitcoin-0.3.22.html	test/	22-May-2011 13:25	-
iweb_20110523184614_Bitcoin_bitcoin-0.3.19.html	bitcoin-0.3.19-linux.tar.gz	13-Dec-2010 06:10	9.2M
iweb_20110523184614_Bitcoin_bitcoin-0.3.19.html	bitcoin-0.3.19-macosx.zip	15-Dec-2010 05:12	7.3M
iweb_20110523184614_Bitcoin_bitcoin-0.3.19.html	bitcoin-0.3.19-win32-setup.exe	13-Dec-2010 05:35	5.0M
iweb_20110523184614_Bitcoin_bitcoin-0.3.19.html	bitcoin-0.3.19-win32.zip	12-Dec-2010 17:38	5.0M
iweb_20110524072347_Bitcoin_bitcoin-0.3.22_test.html	bitcoin-0.3.22rc2-linux.tar.gz	19-May-2011 01:43	11M
iweb_20110524072347_Bitcoin_bitcoin-0.3.22_test.html	bitcoin-0.3.22rc2-src.tar.gz	17-May-2011 01:40	372K
iweb_20110524072347_Bitcoin_bitcoin-0.3.22_test.html	bitcoin-0.3.22rc2-win32.zip	19-May-2011 01:43	6.0M
iweb_20110524072347_Bitcoin_bitcoin-0.3.22_test.html	bitcoin-0.3.22rc3-linux.tar.gz	22-May-2011 13:18	11M
iweb_20110524072347_Bitcoin_bitcoin-0.3.22_test.html	bitcoin-0.3.22rc3-src.tar.gz	20-May-2011 20:58	381K
iweb_20110524072347_Bitcoin_bitcoin-0.3.22_test.html	bitcoin-0.3.22rc3-win32-setup.exe	22-May-2011 13:19	6.0M
iweb_20110524072347_Bitcoin_bitcoin-0.3.22_test.html	bitcoin-0.3.22rc3-win32.zip	22-May-2011 13:18	6.1M
iweb_20110524143750_Bitcoin_bitcoin-0.2.0.html	bitcoin-0.2.0-linux.tar.gz	16-Dec-2009 15:32	2.3M
iweb_20110524143750_Bitcoin_bitcoin-0.2.0.html	bitcoin-0.2.0-win32-setup.exe	16-Dec-2009 16:15	3.0M
iweb_20110524143750_Bitcoin_bitcoin-0.2.0.html	bitcoin-0.2.0-win32.zip	16-Dec-2009 16:03	2.9M
iweb_20110524143755_Bitcoin_bitcoin-0.3.0.html	bitcoin-0.3.0-linux.tar.gz	24-Jun-2010 19:02	7.6M
iweb_20110524143755_Bitcoin_bitcoin-0.3.0.html	bitcoin-0.3.0-macosx.zip	07-Jul-2010 06:34	6.3M
iweb_20110524143755_Bitcoin_bitcoin-0.3.0.html	bitcoin-0.3.0-win32-setup.exe	06-Jul-2010 11:15	4.9M
iweb_20110524143755_Bitcoin_bitcoin-0.3.0.html	bitcoin-0.3.0-win32.zip	06-Jul-2010 11:12	4.8M
iweb_20110524143800_Bitcoin_bitcoin-0.3.1.html	bitcoin-0.3.1-linux.tar.gz	15-Jul-2010 15:57	8.3M
iweb_20110524143800_Bitcoin_bitcoin-0.3.1.html	bitcoin-0.3.1-win32-setup.exe	14-Jul-2010 19:01	4.9M
iweb_20110524143800_Bitcoin_bitcoin-0.3.1.html	bitcoin-0.3.1-win32.zip	14-Jul-2010 19:01	4.9M
iweb_20110524143805_Bitcoin_bitcoin-0.3.12.html	bitcoin-0.3.12-linux.tar.gz	07-Sep-2010 11:21	7.9M
iweb_20110524143805_Bitcoin_bitcoin-0.3.12.html	bitcoin-0.3.12-win32-setup.exe	07-Sep-2010 12:28	4.9M
iweb_20110524143805_Bitcoin_bitcoin-0.3.12.html	bitcoin-0.3.12-win32.zip	06-Sep-2010 19:01	4.8M
iweb_20110524143810_Bitcoin_bitcoin-0.3.13.html	bitcoin-0.3.13-linux.tar.gz	29-Sep-2010 19:01	8.0M
iweb_20110524143810_Bitcoin_bitcoin-0.3.13.html	bitcoin-0.3.13-macosx.zip	30-Sep-2010 21:02	6.6M
iweb_20110524143810_Bitcoin_bitcoin-0.3.13.html	bitcoin-0.3.13-win32-setup.exe	29-Sep-2010 19:01	4.9M
iweb_20110524143810_Bitcoin_bitcoin-0.3.13.html	bitcoin-0.3.13-win32.zip	29-Sep-2010 19:01	4.8M
iweb_20110524143815_Bitcoin_bitcoin-0.3.14.html	bitcoin-0.3.14-linux.tar.gz	20-Oct-2010 15:28	9.1M
iweb_20110524143815_Bitcoin_bitcoin-0.3.14.html	bitcoin-0.3.14-win32-setup.exe	20-Oct-2010 14:59	4.9M
iweb_20110524143815_Bitcoin_bitcoin-0.3.14.html	bitcoin-0.3.14-win32.zip	20-Oct-2010 14:56	4.9M
iweb_20110524143820_Bitcoin_bitcoin-0.3.15.html	bitcoin-0.3.15-linux.tar.gz	13-Nov-2010 18:02	9.1M
iweb_20110524143820_Bitcoin_bitcoin-0.3.15.html	bitcoin-0.3.15-win32-setup.exe	13-Nov-2010 16:34	4.9M
iweb_20110524143820_Bitcoin_bitcoin-0.3.15.html	bitcoin-0.3.15-win32.zip	12-Nov-2010 20:01	4.9M
iweb_20110524143825_Bitcoin_bitcoin-0.3.17.html	bitcoin-0.3.17-linux.tar.gz	25-Nov-2010 15:15	9.1M
iweb_20110524143825_Bitcoin_bitcoin-0.3.17.html	bitcoin-0.3.17-macosx.zip	30-Nov-2010 16:00	7.3M
iweb_20110524143825_Bitcoin_bitcoin-0.3.17.html	bitcoin-0.3.17-win32-setup.exe	25-Nov-2010 14:07	5.0M
iweb_20110524143825_Bitcoin_bitcoin-0.3.17.html	bitcoin-0.3.17-win32.zip	24-Nov-2010 20:01	4.9M
iweb_20110524143830_Bitcoin_bitcoin-0.3.2.html	bitcoin-0.3.2-linux.tar.gz	17-Jul-2010 09:39	8.3M
iweb_20110524143830_Bitcoin_bitcoin-0.3.2.html	bitcoin-0.3.2-macosx.zip	17-Jul-2010 13:22	13M
iweb_20110524143830_Bitcoin_bitcoin-0.3.2.html	bitcoin-0.3.2-win32-setup.exe	17-Jul-2010 10:21	4.9M
iweb_20110524143830_Bitcoin_bitcoin-0.3.2.html	bitcoin-0.3.2-win32.zip	15-Jul-2010 19:01	4.9M
iweb_20110524143835_Bitcoin_bitcoin-0.3.20.html	bitcoin-0.3.20.01-linux.tar.gz	22-Feb-2011 18:59	9.4M
iweb_20110524143835_Bitcoin_bitcoin-0.3.20.html	bitcoin-0.3.20.01-macosx.zip	22-Feb-2011 18:55	7.3M
iweb_20110524143835_Bitcoin_bitcoin-0.3.20.html	bitcoin-0.3.20.01-win32-setup.exe	22-Feb-2011 14:53	5.0M
iweb_20110524143835_Bitcoin_bitcoin-0.3.20.html	bitcoin-0.3.20.01-win32.zip	22-Feb-2011 14:53	4.9M
iweb_20110524143835_Bitcoin_bitcoin-0.3.20.html	bitcoin-0.3.20.2-linux.tar.gz	04-Mar-2011 10:42	9.4M
iweb_20110524143835_Bitcoin_bitcoin-0.3.20.html	bitcoin-0.3.20.2-win32-setup.exe	04-Mar-2011 14:55	5.0M
iweb_20110524143835_Bitcoin_bitcoin-0.3.20.html	bitcoin-0.3.20.2-win32.zip	04-Mar-2011 14:54	4.9M
iweb_20110524143835_Bitcoin_bitcoin-0.3.20.html	README.txt	05-Mar-2011 11:09	1.5K
iweb_20110524143840_Bitcoin_bitcoin-0.3.3.html	bitcoin-0.3.3-linux.tar.gz	24-Jul-2010 09:22	8.4M
iweb_20110524143840_Bitcoin_bitcoin-0.3.3.html	bitcoin-0.3.3-macosx.zip	24-Jul-2010 18:36	6.5M
iweb_20110524143840_Bitcoin_bitcoin-0.3.3.html	bitcoin-0.3.3-win32-setup.exe	24-Jul-2010 14:33	5.1M
iweb_20110524143840_Bitcoin_bitcoin-0.3.3.html	bitcoin-0.3.3-win32.zip	24-Jul-2010 14:16	5.1M
iweb_20110524143845_Bitcoin_bitcoin-0.3.7.html	bitcoin-0.3.7-linux.tar.gz	31-Jul-2010 13:29	7.8M
iweb_20110524143845_Bitcoin_bitcoin-0.3.7.html	bitcoin-0.3.7-macosx.zip	31-Jul-2010 13:07	6.6M
iweb_20110524143845_Bitcoin_bitcoin-0.3.7.html	bitcoin-0.3.7-win32-setup.exe	31-Jul-2010 12:11	4.8M
iweb_20110524143845_Bitcoin_bitcoin-0.3.7.html	bitcoin-0.3.7-win32.zip	31-Jul-2010 12:10	4.7M
iweb_20110524143850_Bitcoin_bitcoin-0.3.8.html	bitcoin-0.3.8-linux.tar.gz	03-Aug-2010 14:58	7.8M
iweb_20110524143850_Bitcoin_bitcoin-0.3.8.html	bitcoin-0.3.8-macosx.zip	04-Aug-2010 09:43	6.6M
iweb_20110524143850_Bitcoin_bitcoin-0.3.8.html	bitcoin-0.3.8-win32-setup.exe	03-Aug-2010 13:34	4.8M
iweb_20110524143850_Bitcoin_bitcoin-0.3.8.html	bitcoin-0.3.8-win32.zip	30-Jul-2010 19:01	4.8M
iweb_20110524143850_Bitcoin_bitcoin-0.3.8.html	bitcoin-0.3.8.1-linux.tar.gz	09-Aug-2010 15:21	7.8M
iweb_20110524153147_Bitcoin_bitcoin-0.3.10.html	bitcoin-0.3.10-linux.tar.gz	15-Aug-2010 18:20	7.9M
iweb_20110524153147_Bitcoin_bitcoin-0.3.10.html	bitcoin-0.3.10-macosx.zip	15-Aug-2010 20:43	6.6M
iweb_20110524153147_Bitcoin_bitcoin-0.3.10.html	bitcoin-0.3.10-win32-setup.exe	15-Aug-2010 17:31	4.8M
iweb_20110524153147_Bitcoin_bitcoin-0.3.10.html	bitcoin-0.3.10-win32.zip	14-Aug-2010 19:01	4.8M
iweb_20110524153152_Bitcoin_bitcoin-0.3.11.html	bitcoin-0.3.11-linux.tar.gz	26-Aug-2010 19:01	7.9M
iweb_20110524153152_Bitcoin_bitcoin-0.3.11.html	bitcoin-0.3.11-macosx.zip	26-Aug-2010 19:01	6.6M
iweb_20110524153152_Bitcoin_bitcoin-0.3.11.html	bitcoin-0.3.11-win32-setup.exe	26-Aug-2010 19:01	4.9M
iweb_20110524153152_Bitcoin_bitcoin-0.3.11.html	bitcoin-0.3.11-win32.zip	26-Aug-2010 19:01	4.8M
iweb_20110524153157_Bitcoin_bitcoin-0.3.18.html	bitcoin-0.3.18-linux.tar.gz	08-Dec-2010 17:46	9.2M
iweb_20110524153157_Bitcoin_bitcoin-0.3.18.html	bitcoin-0.3.18-macosx.zip	11-Dec-2010 05:14	7.3M
iweb_20110524153157_Bitcoin_bitcoin-0.3.18.html	bitcoin-0.3.18-win32-setup.exe	08-Dec-2010 14:08	5.0M
iweb_20110524153157_Bitcoin_bitcoin-0.3.18.html	bitcoin-0.3.18-win32.zip	07-Dec-2010 20:01	5.0M
iweb_20110524153202_Bitcoin_bitcoin-0.3.6.html	bitcoin-0.3.6-a-linux.tar.gz	30-Jul-2010 18:38	7.8M
iweb_20110524153202_Bitcoin_bitcoin-0.3.6.html	bitcoin-0.3.6-linux.tar.gz	29-Jul-2010 14:56	7.7M
iweb_20110524153202_Bitcoin_bitcoin-0.3.6.html	bitcoin-0.3.6-macosx.zip	30-Jul-2010 16:04	6.6M
iweb_20110524153202_Bitcoin_bitcoin-0.3.6.html	bitcoin-0.3.6-win32-setup.exe	29-Jul-2010 15:18	4.8M
iweb_20110524153202_Bitcoin_bitcoin-0.3.6.html	bitcoin-0.3.6-win32.zip	28-Jul-2010 19:01	4.7M
iweb_20110623084532_Bitcoin_bitcoin-0.3.23.html	test/	12-Jun-2011 14:22	-
iweb_20110623084532_Bitcoin_bitcoin-0.3.23.html	bitcoin-0.3.23-linux.tar.gz	16-Jun-2011 17:47	11M
iweb_20110623084532_Bitcoin_bitcoin-0.3.23.html	bitcoin-0.3.23-macosx.zip	13-Jun-2011 20:10	6.6M
iweb_20110623084532_Bitcoin_bitcoin-0.3.23.html	bitcoin-0.3.23-src.tar.gz	13-Jun-2011 19:36	431K
iweb_20110623084532_Bitcoin_bitcoin-0.3.23.html	bitcoin-0.3.23-win32-setup.exe	13-Jun-2011 19:36	6.4M
iweb_20110623084532_Bitcoin_bitcoin-0.3.23.html	bitcoin-0.3.23-win32.zip	16-Jun-2011 17:47	6.3M
iweb_20110623084532_Bitcoin_bitcoin-0.3.23.html	SHA1SUMS.asc	16-Jun-2011 17:47	1.2K
iweb_20110624060331_Bitcoin_bitcoin-0.3.23_test.html	bitcoin-0.3.23rc1-linux.tar.gz	12-Jun-2011 00:20	11M
iweb_20110624060331_Bitcoin_bitcoin-0.3.23_test.html	bitcoin-0.3.23rc1-macosx.zip	12-Jun-2011 14:22	6.6M
iweb_20110624060331_Bitcoin_bitcoin-0.3.23_test.html	bitcoin-0.3.23rc1-src.tar.gz	12-Jun-2011 00:18	431K
iweb_20110624060331_Bitcoin_bitcoin-0.3.23_test.html	bitcoin-0.3.23rc1-win32-setup.exe	12-Jun-2011 00:20	6.4M
iweb_20120714050949_Bitcoin_bitcoin-0.3.24.html	test/	07-Jul-2011 17:07	-
iweb_20120714050949_Bitcoin_bitcoin-0.3.24.html	bitcoin-0.3.24-linux.tar.gz	08-Jul-2011 17:27	11M
iweb_20120714050949_Bitcoin_bitcoin-0.3.24.html	bitcoin-0.3.24-macosx.zip	18-Jul-2011 20:14	6.7M
iweb_20120714050949_Bitcoin_bitcoin-0.3.24.html	bitcoin-0.3.24-src.tar.gz	08-Jul-2011 13:41	707K
iweb_20120714050949_Bitcoin_bitcoin-0.3.24.html	bitcoin-0.3.24-win32-setup.exe	08-Jul-2011 17:27	6.4M
iweb_20120714050949_Bitcoin_bitcoin-0.3.24.html	bitcoin-0.3.24-win32.zip	08-Jul-2011 17:27	6.8M
iweb_20120714050949_Bitcoin_bitcoin-0.3.24.html	SHA1SUMS.asc	18-Jul-2011 20:14	1.2K
