group	artnum	date	from	subject	message_id
gmane.comp.encryption.general	12588	Sat, 01 Nov 2008 02:10:00 +0800	"Satoshi Nakamoto" <satoshi@vistomail.com>	Bitcoin P2P e-cash paper	<CHILKAT-MID-dd013ecc-8c7f-fc14-b1c5-cc9fd0181098@server123>
gmane.comp.encryption.general	12595	Mon, 03 Nov 2008 09:37:43 +0800	"Satoshi Nakamoto" <satoshi@vistomail.com>	Re: Bitcoin P2P e-cash paper	<CHILKAT-MID-23799d7c-5a6d-a530-cab8-e3cadeb300e7@server123>
gmane.comp.encryption.general	12598	Tue, 04 Nov 2008 00:23:49 +0800	"Satoshi Nakamoto" <satoshi@vistomail.com>	Re: Bitcoin P2P e-cash paper	<CHILKAT-MID-aa3af037-eacf-dd6e-1db5-e692685eb166@server123>
gmane.comp.encryption.general	12603	Fri, 07 Nov 2008 04:15:40 +0800	"Satoshi Nakamoto" <satoshi@vistomail.com>	Re: Bitcoin P2P e-cash paper	<CHILKAT-MID-8342fe26-f3e0-089a-237e-6fa56bec088c@server123>
gmane.comp.encryption.general	12611	Sun, 09 Nov 2008 02:54:38 +0800	"Satoshi Nakamoto" <satoshi@vistomail.com>	Re: Bitcoin P2P e-cash paper	<CHILKAT-MID-5d46339d-6ba0-f7f4-8383-78016ca7ca16@server123>
gmane.comp.encryption.general	12612	Sun, 09 Nov 2008 09:58:48 +0800	"Satoshi Nakamoto" <satoshi@vistomail.com>	Re: Bitcoin P2P e-cash paper	<CHILKAT-MID-366da88a-b109-735d-95f9-c968f76ea6ed@server123>
gmane.comp.encryption.general	12613	Sun, 09 Nov 2008 11:09:49 +0800	"Satoshi Nakamoto" <satoshi@vistomail.com>	Re: Bitcoin P2P e-cash paper	<CHILKAT-MID-5f8f9f20-db9d-36ee-c584-302e967cc244@server123>
gmane.comp.encryption.general	12618	Mon, 10 Nov 2008 00:31:26 +0800	"Satoshi Nakamoto" <satoshi@vistomail.com>	Re: Bitcoin P2P e-cash paper	<CHILKAT-MID-de81b8e4-4d72-7438-d1fc-d3d2c02148ea@server123>
gmane.comp.encryption.general	12622	Mon, 10 Nov 2008 10:14:30 +0800	"Satoshi Nakamoto" <satoshi@vistomail.com>	Re: Bitcoin P2P e-cash paper	<CHILKAT-MID-41c54a12-e2ac-4042-255f-1fcda7a4a00b@server123>
gmane.comp.encryption.general	12623	Tue, 11 Nov 2008 06:18:20 +0800	"Satoshi Nakamoto" <satoshi@vistomail.com>	Re: Bitcoin P2P e-cash paper	<CHILKAT-MID-e7d495e7-8668-2fc6-0dc3-489b2b580e8d@server123>
gmane.comp.encryption.general	12629	Fri, 14 Nov 2008 06:56:55 +0800	"Satoshi Nakamoto" <satoshi@vistomail.com>	Re: Bitcoin P2P e-cash paper	<CHILKAT-MID-4e1eec0c-baa7-6633-78e9-91fd9b7353c4@server123>
gmane.comp.encryption.general	12633	Sat, 15 Nov 2008 02:55:35 +0800	"Satoshi Nakamoto" <satoshi@vistomail.com>	Re: Bitcoin P2P e-cash paper	<CHILKAT-MID-41a4bab8-9538-d1ea-d079-b843b2667bec@server123>
gmane.comp.encryption.general	12637	Sat, 15 Nov 2008 12:43:00 +0800	"Satoshi Nakamoto" <satoshi@vistomail.com>	Re: Bitcoin P2P e-cash paper	<CHILKAT-MID-fea97d6d-f5d2-df31-8894-e83751167c7a@server123>
gmane.comp.encryption.general	12640	Sun, 16 Nov 2008 02:02:00 +0800	"Satoshi Nakamoto" <satoshi@vistomail.com>	Re: Bitcoin P2P e-cash paper	<CHILKAT-MID-4736d93c-c2b5-d001-f4a9-2dc24f0f983f@server123>
gmane.comp.encryption.general	12643	Tue, 18 Nov 2008 01:24:43 +0800	"Satoshi Nakamoto" <satoshi@vistomail.com>	Re: Bitcoin P2P e-cash paper	<CHILKAT-MID-9478bb9b-47dd-9fa5-6f7c-500ac95fd377@server123>
gmane.comp.encryption.general	12776	Fri, 09 Jan 2009 03:27:40 +0800	"Satoshi Nakamoto" <satoshi@vistomail.com>	Bitcoin v0.1 released	<CHILKAT-MID-3d087dc8-b531-1fd3-bebb-15dcffb225ce@server123>
gmane.comp.encryption.general	12795	Sat, 17 Jan 2009 00:03:14 +0800	"Satoshi Nakamoto" <satoshi@vistomail.com>	Re: Bitcoin v0.1 released	<CHILKAT-MID-30c0e5a0-3435-5411-3f7b-3fe798efbe86@server123>
gmane.comp.encryption.general	12822	Sun, 25 Jan 2009 23:47:10 +0800	"Satoshi Nakamoto" <satoshi@vistomail.com>	Re: Bitcoin v0.1 released	<CHILKAT-MID-fe8337f6-2f9d-265e-4a2c-9535ff0028cb@server123>
gmane.comp.encryption.general	25063	Mon, 09 Nov 2015 07:18:50 -0500	Satoshi Nakamoto <satoshi@vistomail.com>	Bitcoin blocksize limit can be removed	<56408f2a.emMJ9I+SWETaXKSu%satoshi@vistomail.com>
gmane.comp.encryption.general	33697	Sat, 19 Apr 2025 00:22:12 +0000	Satoshi Nakamoto <_satoshi-KK0ffGbhmjU@public.gmane.org>	=?UTF-8?Q?Re=3A=C2=A0My_Identity?=	<trinity-75758b6a-e651-43a4-9a76-db5623f66aff-1745022132385@trinity-msg-rest-gmx-gmx-live-6755b84f97-2rpg2>
gmane.comp.security.cypherpunks	37184	Sun, 05 Jun 2022 06:25:40 +0000	Satoshinupdate <Satoshinupdate-6EK1v4hiKcSzQB+pC5nmwQ@public.gmane.org>	One of the projects I have been working on.	<8uijpXJ9JN8kLmSaIM1mR2LVtPFKjKVgtAtFPx0zpH_8PcKzDlDv0__Z64tVhjaWSq-MdWphB1Aktzz8HcANtb1VveO9tV4M6YHhe2HiiR8=@proton.me>
gmane.comp.security.cypherpunks	67625	Thu, 12 Dec 2024 16:54:09 -0000	"Satoshi Nakamoto" <_satoshi-KK0ffGbhmjU@public.gmane.org>	Hash Quantum(Hash Q) for Bitcoin.	<173402244931.1783831.10594611197315727128@mail.pglaf.org>
gmane.comp.security.cypherpunks	67631	Thu, 12 Dec 2024 16:51:44 -0000	"Satoshi Nakamoto" <_satoshi-KK0ffGbhmjU@public.gmane.org>	Bitcoin	<173402230443.1783831.14248242204096191354@mail.pglaf.org>
gmane.comp.security.cypherpunks	67636	Thu, 12 Dec 2024 16:53:49 -0000	"Satoshi Nakamoto" <_satoshi-KK0ffGbhmjU@public.gmane.org>	Hash Quantum(Hash Q) for Bitcoin.	<173402242940.1783833.5694441077320729423@mail.pglaf.org>
gmane.comp.security.cypherpunks	67639	Thu, 12 Dec 2024 16:49:56 -0000	"Satoshi Nakamoto" <_satoshi-KK0ffGbhmjU@public.gmane.org>	Re: Donald Trump to Ring Bell at New York Stock Exchange Today as Hit List Posters Appear in Manhattan Targeting Wall Street CEOs	<173402219612.1783831.6492146647070667547@mail.pglaf.org>
gmane.comp.security.cypherpunks	67645	Thu, 12 Dec 2024 16:48:27 -0000	"Satoshi Nakamoto" <_satoshi-KK0ffGbhmjU@public.gmane.org>	Re: Donald Trump to Ring Bell at New York Stock Exchange Today as Hit List Posters Appear in Manhattan Targeting Wall Street CEOs	<173402210767.1783831.10694578132307673555@mail.pglaf.org>
gmane.comp.security.cypherpunks	67668	Thu, 12 Dec 2024 16:53:57 -0000	"Satoshi Nakamoto" <_satoshi-KK0ffGbhmjU@public.gmane.org>	Hash Quantum(Hash Q) for Bitcoin.	<173402243786.1783833.4827628867972015266@mail.pglaf.org>
gmane.comp.security.cypherpunks	67673	Thu, 12 Dec 2024 16:53:30 -0000	"Satoshi Nakamoto" <_satoshi-KK0ffGbhmjU@public.gmane.org>	Hash Quantum(Hash Q) for Bitcoin.	<173402241047.1783831.11253242758278739387@mail.pglaf.org>
gmane.comp.security.cypherpunks	67746	Sat, 14 Dec 2024 17:10:05 -0000	"Satoshi Nakamoto" <_satoshi-KK0ffGbhmjU@public.gmane.org>	Re: Hash Quantum(Hash Q) for Bitcoin.	<173419620558.100649.16550143910840909543@mail.pglaf.org>
gmane.comp.security.cypherpunks	67747	Sat, 14 Dec 2024 17:26:32 -0000	"Satoshi Nakamoto" <_satoshi-KK0ffGbhmjU@public.gmane.org>	** My Motivation **	<173419719259.100645.6912580026593388576@mail.pglaf.org>
gmane.comp.security.cypherpunks	72401	Wed, 16 Apr 2025 03:31:28 -0000	"Satoshi Nakamoto" <_satoshi-KK0ffGbhmjU@public.gmane.org>	Re: How the NSA identified Satoshi Nakamoto	<174477428868.4110209.1562115868377354971@mail.pglaf.org>
gmane.comp.security.cypherpunks	72402	Wed, 16 Apr 2025 03:36:04 +0000	Satoshi Nakamoto <_satoshi-KK0ffGbhmjU@public.gmane.org>	My Identity	<trinity-df23d8bc-d235-4435-933f-6470e0b2fe72-1744774564594@trinity-msg-rest-gmx-gmx-live-5974cdb588-46hqc>
gmane.comp.security.cypherpunks	72670	Sat, 19 Apr 2025 00:22:12 +0000	Satoshi Nakamoto <_satoshi-KK0ffGbhmjU@public.gmane.org>	=?UTF-8?Q?Re=3A=C2=A0My_Identity?=	<trinity-75758b6a-e651-43a4-9a76-db5623f66aff-1745022132385@trinity-msg-rest-gmx-gmx-live-6755b84f97-2rpg2>
gmane.comp.security.cypherpunks	74130	Mon, 23 Jun 2025 18:14:32 -0000	satoshi-GjLaQt3Y0hbnSPmRt5Z81g@public.gmane.org	The countdown starts	<175070247224.838637.15477718670401881160@mail.pglaf.org>
gmane.comp.security.cypherpunks	74131	Tue, 24 Jun 2025 14:38:49 -0000	"Satoshi " <satoshi-GjLaQt3Y0hbnSPmRt5Z81g@public.gmane.org>	The countdown starts	<175077592918.1244387.7833407345485458458@mail.pglaf.org>
gmane.comp.security.cypherpunks	74132	Wed, 25 Jun 2025 04:08:47 -0000	"Satoshi " <satoshi-GjLaQt3Y0hbnSPmRt5Z81g@public.gmane.org>	The countdown starts	<175082452789.1736567.18030229054551866813@mail.pglaf.org>
gmane.comp.bitcoin.devel	9653	Sat, 15 Aug 2015 12:43:54 -0500	Satoshi Nakamoto via bitcoin-dev <bitcoin-dev@lists.linuxfoundation.org>	Bitcoin XT Fork	<6EC9DDF352DC4838AE9B088AB372428A25E1F42A@DS04>
gmane.comp.bitcoin.devel	11352	Thu, 10 Dec 2015 06:57:31 +0000 (UTC)	Satoshi Nakamoto via bitcoin-dev <bitcoin-dev@lists.linuxfoundation.org>	Not this again.	<20151210065731.59FC5E84@mail.linuxfoundation.org>
gmane.comp.bitcoin.devel	16030	Tue, 22 Jan 2019 09:58:25 -0500	Satoshin via bitcoin-dev <bitcoin-dev@lists.linuxfoundation.org>	Re: Proof-of-Stake Bitcoin Sidechains	<9D2883DC-360C-401A-B518-B8205A3AAA53@mybitcoincenter.com>
gmane.comp.bitcoin.devel	16232	Sun, 31 Mar 2019 23:07:41 -0400	Satoshin via bitcoin-dev <bitcoin-dev@lists.linuxfoundation.org>	Re: Softfork proposal for minimum price of $50k USD/BTC	<5D9DDB14-9E0F-419B-A069-25448F1FA473@mybitcoincenter.com>
