page	header_clock_shown	http_date	diff_seconds
start_0000.html	September 26, 2026, 01:49:38 AM	Sat, 26 Sep 2026 01:49:38 GMT	0.0
start_0020.html	September 26, 2026, 01:49:41 AM	Sat, 26 Sep 2026 01:49:42 GMT	-1.0
start_0040.html	September 26, 2026, 01:49:45 AM	Sat, 26 Sep 2026 01:49:45 GMT	0.0
start_0060.html	September 26, 2026, 01:49:48 AM	Sat, 26 Sep 2026 01:49:48 GMT	0.0
start_0080.html	September 26, 2026, 01:49:52 AM	Sat, 26 Sep 2026 01:49:52 GMT	0.0
start_0100.html	September 26, 2026, 01:49:55 AM	Sat, 26 Sep 2026 01:49:55 GMT	0.0
start_0120.html	September 26, 2026, 01:49:58 AM	Sat, 26 Sep 2026 01:49:58 GMT	0.0
start_0140.html	September 26, 2026, 01:50:02 AM	Sat, 26 Sep 2026 01:50:02 GMT	0.0
start_0160.html	September 26, 2026, 01:50:05 AM	Sat, 26 Sep 2026 01:50:05 GMT	0.0
start_0180.html	September 26, 2026, 01:50:08 AM	Sat, 26 Sep 2026 01:50:08 GMT	0.0
start_0200.html	September 26, 2026, 01:50:12 AM	Sat, 26 Sep 2026 01:50:12 GMT	0.0
start_0220.html	September 26, 2026, 01:50:15 AM	Sat, 26 Sep 2026 01:50:15 GMT	0.0
start_0240.html	September 26, 2026, 01:50:18 AM	Sat, 26 Sep 2026 01:50:18 GMT	0.0
start_0260.html	September 26, 2026, 01:50:22 AM	Sat, 26 Sep 2026 01:50:22 GMT	0.0
start_0280.html	September 26, 2026, 01:50:25 AM	Sat, 26 Sep 2026 01:50:25 GMT	0.0
start_0300.html	September 26, 2026, 01:50:28 AM	Sat, 26 Sep 2026 01:50:28 GMT	0.0
start_0320.html	September 26, 2026, 01:50:32 AM	Sat, 26 Sep 2026 01:50:32 GMT	0.0
start_0340.html	September 26, 2026, 01:50:35 AM	Sat, 26 Sep 2026 01:50:35 GMT	0.0
start_0360.html	September 26, 2026, 01:50:38 AM	Sat, 26 Sep 2026 01:50:38 GMT	0.0
start_0380.html	September 26, 2026, 01:50:41 AM	Sat, 26 Sep 2026 01:50:42 GMT	-1.0
start_0400.html	September 26, 2026, 01:50:45 AM	Sat, 26 Sep 2026 01:50:45 GMT	0.0
start_0420.html	September 26, 2026, 01:50:48 AM	Sat, 26 Sep 2026 01:50:48 GMT	0.0
start_0440.html	September 26, 2026, 01:50:51 AM	Sat, 26 Sep 2026 01:50:52 GMT	-1.0
start_0460.html	September 26, 2026, 01:50:55 AM	Sat, 26 Sep 2026 01:50:55 GMT	0.0
start_0480.html	September 26, 2026, 01:50:58 AM	Sat, 26 Sep 2026 01:50:58 GMT	0.0
start_0500.html	September 26, 2026, 01:51:01 AM	Sat, 26 Sep 2026 01:51:02 GMT	-1.0
start_0520.html	September 26, 2026, 01:51:05 AM	Sat, 26 Sep 2026 01:51:05 GMT	0.0
